Country Name,2019 GDP per capita growth (%)
Germany,0.76040219541116
Poland,4.60600727341085
Ukraine,3.87284698333255
United States,2.05676589936279
