Country Name,2019 GDP per capita growth (%)
Germany,0.76040219541116
Japan,-0.262170828573062
Ukraine,3.87284698333255
United States,2.05676589936279
